file,halaman,urutan_di_halaman,teks_terdekat_sebelum_gambar,catatan
foto/profil/profil-001.png,profil,1,,
foto/profil/profil-002.jpg,profil,2,,
foto/profil/profil-003.jpg,profil,3,Sejarah Kampus STAI Morowali,
foto/profil/profil-004.jpg,profil,4,Sejarah Kampus STAI Morowali,
foto/profil/profil-005.jpg,profil,5,Sejarah Kampus STAI Morowali,
foto/profil/profil-006.jpg,profil,6,Sejarah Kampus STAI Morowali,
foto/profil/profil-007.png,profil,7,Kampus STAI Morowali,
foto/profil/profil-008.png,profil,8,Kampus STAI Morowali,
foto/profil/profil-009.png,profil,9,Kampus STAI Morowali,
foto/profil/profil-010.png,profil,10,Kampus STAI Morowali,
foto/profil/profil-011.jpg,profil,11,Kampus STAI Morowali,
foto/profil/profil-012.jpg,profil,12,Kampus STAI Morowali,
foto/profil/profil-013.jpg,profil,13,Kampus STAI Morowali,
foto/profil/profil-014.jpg,profil,14,Kampus STAI Morowali,
foto/profil/profil-015.jpg,profil,15,Kampus STAI Morowali,
foto/profil/profil-002.jpg,profil,16,Kampus STAI Morowali,duplikat-dilewati
foto/profil/profil-016.png,profil,17,Kampus STAI Morowali,
foto/profil/profil-017.jpg,profil,18,Kampus STAI Morowali,
foto/profil/profil-018.jpg,profil,19,Kampus STAI Morowali,
foto/profil/profil-019.jpg,profil,20,Kampus STAI Morowali,
foto/profil/profil-020.jpg,profil,21,Kampus STAI Morowali,
foto/profil/profil-021.jpg,profil,22,Kampus STAI Morowali,
foto/profil/profil-022.jpg,profil,23,Pendidikan Islam Anak Usia Dini (PIAUD),
foto/profil/profil-023.jpg,profil,24,"Pada 2 September 2022, Pemerintah Kabupaten Morowali secara resmi membuka kegiat",
foto/profil/profil-024.jpg,profil,25,kerja sama dengan berbagai instansi pemerintah dan perguruan tinggi.,
foto/program-studi/program-studi-001.png,program-studi,1,,
foto/program-studi/program-studi-002.jpg,program-studi,2,,
foto/program-studi/program-studi-003.jpg,program-studi,3,Landasan teologis kurikulum Program Studi di STAI Morowali bersumber dari Al-Qur,
foto/program-studi/program-studi-004.jpg,program-studi,4,Landasan teologis kurikulum Program Studi di STAI Morowali bersumber dari Al-Qur,
foto/program-studi/program-studi-005.jpg,program-studi,5,Program Studi Hukum Keluarga Islam (HKI).,
foto/program-studi/program-studi-006.png,program-studi,6,Program Studi Hukum Keluarga Islam (HKI).,
foto/program-studi/program-studi-007.jpg,program-studi,7,Program Studi Hukum Keluarga Islam (HKI).,
foto/program-studi/program-studi-008.jpg,program-studi,8,Program Studi Hukum Keluarga Islam (HKI).,
foto/program-studi/program-studi-009.jpg,program-studi,9,Program Studi Hukum Keluarga Islam (HKI).,
foto/program-studi/program-studi-010.jpg,program-studi,10,Program Studi Hukum Keluarga Islam (HKI).,
foto/program-studi/program-studi-011.png,program-studi,11,Program Studi Hukum Keluarga Islam (HKI).,
foto/program-studi/program-studi-012.jpg,program-studi,12,Program Studi Hukum Keluarga Islam (HKI).,
foto/program-studi/program-studi-013.jpg,program-studi,13,Program Studi Hukum Keluarga Islam (HKI).,
foto/program-studi/program-studi-014.jpg,program-studi,14,Program Studi Hukum Keluarga Islam (HKI).,
foto/program-studi/program-studi-015.jpg,program-studi,15,Prodi PAI (Pendidikan Agama Islam),
foto/program-studi/program-studi-016.jpg,program-studi,16,Prodi PAI (Pendidikan Agama Islam),
foto/program-studi/program-studi-017.jpg,program-studi,17,Prodi PGMI (Pendidikan Guru Madrasah Ibtidayaiyah),
foto/program-studi/program-studi-018.jpg,program-studi,18,Prodi PGMI (Pendidikan Guru Madrasah Ibtidayaiyah),
foto/program-studi/program-studi-019.jpg,program-studi,19,Prodi HKI (Hukum Keluarga Islam),
foto/program-studi/program-studi-020.jpg,program-studi,20,Prodi PIAUD (Pendidikan Islam Anak Usia Dini),
foto/program-studi/program-studi-013.jpg,program-studi,21,"yang Ada di Kampus STAI Morowali""",duplikat-dilewati
foto/program-studi/program-studi-021.jpg,program-studi,22,2026,
foto/program-studi/program-studi-022.jpg,program-studi,23,2026,
foto/program-studi/program-studi-023.jpg,program-studi,24,MoU STAI Morowali dan BAZNAS Daerah Morowali,
foto/program-studi/program-studi-024.jpg,program-studi,25,MoU STAI Morowali dan BAZNAS Daerah Morowali,
foto/program-studi/program-studi-025.jpg,program-studi,26,MoU STAI Morowali dan BAZNAS Daerah Morowali,
foto/program-studi/program-studi-026.jpg,program-studi,27,MoU STAI Morowali dan BAZNAS Daerah Morowali,
foto/program-studi/program-studi-027.jpg,program-studi,28,MoU STAI Morowali dan BAZNAS Daerah Morowali,
foto/program-studi/program-studi-028.jpg,program-studi,29,MoU STAI Morowali dan BAZNAS Daerah Morowali,
foto/program-studi/program-studi-029.jpg,program-studi,30,MoU STAI Morowali dan BAZNAS Daerah Morowali,
foto/program-studi/program-studi-030.jpg,program-studi,31,MoU STAI Morowali dan BAZNAS Daerah Morowali,
foto/program-studi/program-studi-031.jpg,program-studi,32,MoU STAI Morowali dan BAZNAS Daerah Morowali,
foto/program-studi/program-studi-032.jpg,program-studi,33,MoU STAI Morowali dan BAZNAS Daerah Morowali,
foto/program-studi/program-studi-033.jpg,program-studi,34,2025,
foto/program-studi/program-studi-034.jpg,program-studi,35,2025,
foto/program-studi/program-studi-035.jpg,program-studi,36,2025,
foto/program-studi/program-studi-036.jpg,program-studi,37,2025,
foto/program-studi/program-studi-037.jpg,program-studi,38,2025,
foto/program-studi/program-studi-038.jpg,program-studi,39,2025,
foto/program-studi/program-studi-039.jpg,program-studi,40,2025,
foto/program-studi/program-studi-040.jpg,program-studi,41,2024,
foto/program-studi/program-studi-041.jpg,program-studi,42,2024,
foto/program-studi/program-studi-042.jpg,program-studi,43,2024,
foto/program-studi/program-studi-043.jpg,program-studi,44,2024,
foto/program-studi/program-studi-044.jpg,program-studi,45,2024,
foto/program-studi/program-studi-045.jpg,program-studi,46,2023,
foto/program-studi/program-studi-046.jpg,program-studi,47,2023,
foto/program-studi/program-studi-047.png,program-studi,48,2023,
foto/program-studi/program-studi-048.png,program-studi,49,2023,
foto/program-studi/program-studi-049.jpg,program-studi,50,2023,
foto/program-studi/program-studi-050.jpg,program-studi,51,2023,
foto/program-studi/program-studi-051.jpg,program-studi,52,2022,
foto/program-studi/program-studi-052.jpg,program-studi,53,2022,
foto/program-studi/program-studi-053.jpg,program-studi,54,2022,
foto/program-studi/program-studi-051.jpg,program-studi,55,2022,duplikat-dilewati
foto/program-studi/program-studi-054.jpg,program-studi,56,2022,
foto/program-studi/program-studi-055.jpg,program-studi,57,2022,
foto/program-studi/program-studi-037.jpg,program-studi,58,2022,duplikat-dilewati
foto/program-studi/program-studi-051.jpg,program-studi,59,2022,duplikat-dilewati
foto/program-studi/program-studi-056.jpg,program-studi,60,2022,
foto/program-studi/program-studi-057.jpg,program-studi,61,2022,
foto/pkm-penelitian/pkm-penelitian-001.jpg,pkm-penelitian,1,,
foto/pkm-penelitian/pkm-penelitian-002.jpg,pkm-penelitian,2,,
foto/pkm-penelitian/pkm-penelitian-003.jpg,pkm-penelitian,3,Kegiatan Penelitian & Pengabdian kepada Masyarakat,
foto/pkm-penelitian/pkm-penelitian-004.jpg,pkm-penelitian,4,Penelitian dan Pengabdian kepada Masyarakat (PkM) merupakan bagian integral dari,
foto/pkm-penelitian/pkm-penelitian-005.jpg,pkm-penelitian,5,Penelitian dan Pengabdian kepada Masyarakat (PkM) merupakan bagian integral dari,
foto/pkm-penelitian/pkm-penelitian-006.jpg,pkm-penelitian,6,Penelitian dan Pengabdian kepada Masyarakat (PkM) merupakan bagian integral dari,
foto/pkm-penelitian/pkm-penelitian-007.jpg,pkm-penelitian,7,Penelitian dan Pengabdian kepada Masyarakat (PkM) merupakan bagian integral dari,
foto/pkm-penelitian/pkm-penelitian-008.jpg,pkm-penelitian,8,Penelitian dan Pengabdian kepada Masyarakat (PkM) merupakan bagian integral dari,
foto/pkm-penelitian/pkm-penelitian-009.jpg,pkm-penelitian,9,Pelaksanaan penelitian dan PkM dikoordinasikan oleh Lembaga Penelitian dan Penga,
foto/pkm-penelitian/pkm-penelitian-010.jpg,pkm-penelitian,10,Pelaksanaan penelitian dan PkM dikoordinasikan oleh Lembaga Penelitian dan Penga,
foto/pkm-penelitian/pkm-penelitian-011.jpg,pkm-penelitian,11,"Program kolaborasi dengan pemerintah daerah, sekolah, madrasah, masjid, dan lemb",
foto/pkm-penelitian/pkm-penelitian-012.jpg,pkm-penelitian,12,"Program kolaborasi dengan pemerintah daerah, sekolah, madrasah, masjid, dan lemb",
foto/pkm-penelitian/pkm-penelitian-013.jpg,pkm-penelitian,13,"Program kolaborasi dengan pemerintah daerah, sekolah, madrasah, masjid, dan lemb",
foto/pkm-penelitian/pkm-penelitian-014.jpg,pkm-penelitian,14,"Program kolaborasi dengan pemerintah daerah, sekolah, madrasah, masjid, dan lemb",
foto/kegiatan-mahasiswa/kegiatan-mahasiswa-001.jpg,kegiatan-mahasiswa,1,,
foto/kegiatan-mahasiswa/kegiatan-mahasiswa-002.jpg,kegiatan-mahasiswa,2,,
foto/kegiatan-mahasiswa/kegiatan-mahasiswa-003.jpg,kegiatan-mahasiswa,3,Kemahasiswaan di STAI Morowali merupakan bidang yang berfokus pada pengembangan ,
foto/kegiatan-mahasiswa/kegiatan-mahasiswa-004.jpg,kegiatan-mahasiswa,4,mempersiapkan lulusan yang siap berkiprah di dunia kerja maupun melanjutkan stud,
foto/kegiatan-mahasiswa/kegiatan-mahasiswa-005.jpg,kegiatan-mahasiswa,5,mempersiapkan lulusan yang siap berkiprah di dunia kerja maupun melanjutkan stud,
foto/kegiatan-mahasiswa/kegiatan-mahasiswa-006.png,kegiatan-mahasiswa,6,mempersiapkan lulusan yang siap berkiprah di dunia kerja maupun melanjutkan stud,
foto/kegiatan-mahasiswa/kegiatan-mahasiswa-007.jpg,kegiatan-mahasiswa,7,mempersiapkan lulusan yang siap berkiprah di dunia kerja maupun melanjutkan stud,
foto/berita/berita-001.png,berita,1,,
foto/berita/berita-002.jpg,berita,2,,
foto/berita/berita-003.png,berita,3,,
foto/berita/berita-004.jpg,berita,4,,
foto/berita/berita-005.jpg,berita,5,"(12 September 2026, Tahun Akademik 2025/2026)",
foto/berita/berita-006.jpg,berita,6,"(12 September 2026, Tahun Akademik 2025/2026)",
foto/berita/berita-007.jpg,berita,7,"(12 September 2026, Tahun Akademik 2025/2026)",
foto/berita/berita-008.jpg,berita,8,"(12 September 2026, Tahun Akademik 2025/2026)",
foto/berita/berita-009.jpg,berita,9,"(12 September 2026, Tahun Akademik 2025/2026)",
foto/berita/berita-010.jpg,berita,10,"(12 September 2026, Tahun Akademik 2025/2026)",
foto/berita/berita-011.jpg,berita,11,"(12 September 2026, Tahun Akademik 2025/2026)",
foto/berita/berita-012.jpg,berita,12,"Dengan terlaksananya Ujian Komprehensif Tahun Akademik 2025/2026, STAI Morowali ",
foto/berita/berita-013.jpg,berita,13,Tahun Akademik 2026/2027,
foto/berita/berita-014.jpg,berita,14,Tahun Akademik 2026/2027,
foto/berita/berita-015.jpg,berita,15,Tahun Akademik 2026/2027,
foto/berita/berita-016.jpg,berita,16,Tahun Akademik 2026/2027,
foto/berita/berita-017.jpg,berita,17,Tahun Akademik 2026/2027,
foto/berita/berita-018.jpg,berita,18,"Secara umum, kegiatan Kuliah Umum dan Peringatan Maulid Nabi Muhammad SAW Tahun ",
foto/berita/berita-019.jpg,berita,19,"Secara umum, kegiatan Kuliah Umum dan Peringatan Maulid Nabi Muhammad SAW Tahun ",
foto/berita/berita-020.jpg,berita,20,"Secara umum, kegiatan Kuliah Umum dan Peringatan Maulid Nabi Muhammad SAW Tahun ",
foto/berita/berita-021.jpg,berita,21,"Secara umum, kegiatan Kuliah Umum dan Peringatan Maulid Nabi Muhammad SAW Tahun ",
foto/berita/berita-022.jpg,berita,22,"Secara umum, kegiatan Kuliah Umum dan Peringatan Maulid Nabi Muhammad SAW Tahun ",
foto/berita/berita-023.jpg,berita,23,"Secara umum, kegiatan Kuliah Umum dan Peringatan Maulid Nabi Muhammad SAW Tahun ",
foto/berita/berita-024.jpg,berita,24,"Secara umum, kegiatan Kuliah Umum dan Peringatan Maulid Nabi Muhammad SAW Tahun ",
foto/berita/berita-025.jpg,berita,25,"Secara umum, kegiatan Kuliah Umum dan Peringatan Maulid Nabi Muhammad SAW Tahun ",
foto/berita/berita-026.jpg,berita,26,"Secara umum, kegiatan Kuliah Umum dan Peringatan Maulid Nabi Muhammad SAW Tahun ",
foto/berita/berita-027.png,berita,27,"Secara umum, kegiatan Kuliah Umum dan Peringatan Maulid Nabi Muhammad SAW Tahun ",
foto/berita/berita-028.jpg,berita,28,Tahun Akademik 2026/2027,
foto/berita/berita-029.jpg,berita,29,Tahun Akademik 2026/2027,
foto/berita/berita-030.jpg,berita,30,"Melalui penyerahan SK ini, para Koordinator Kelas secara resmi diberikan amanah ",
foto/berita/berita-002.jpg,berita,31,Rapat Evaluasi Dosen pada Kegiatan Penelitian & Pengabdian kepada Masyarakat (Pk,duplikat-dilewati
foto/berita/berita-031.jpg,berita,32,Rapat Evaluasi Dosen pada Kegiatan Penelitian & Pengabdian kepada Masyarakat (Pk,
foto/berita/berita-032.jpg,berita,33,Rapat Evaluasi Dosen pada Kegiatan Penelitian & Pengabdian kepada Masyarakat (Pk,
foto/berita/berita-033.jpg,berita,34,Kegiatan ini merupakan upaya evaluasi terhadap pelaksanaan program penelitian da,
foto/berita/berita-034.jpg,berita,35,"WORKSHOP Penyusunan Bahan Ajar Dosen STAI Morowali, Tahun Akademik 2026/2027",
foto/berita/berita-035.jpg,berita,36,Kegiatan workshop ini juga menjadi wadah bagi para dosen STAI Morowali untuk men,
foto/berita/berita-036.jpg,berita,37,Kegiatan workshop ini juga menjadi wadah bagi para dosen STAI Morowali untuk men,
foto/berita/berita-002.jpg,berita,38,Kegiatan workshop ini juga menjadi wadah bagi para dosen STAI Morowali untuk men,duplikat-dilewati
foto/berita/berita-037.jpg,berita,39,Pembukaan Pengenalan Budaya Akademik dan Kemahasiswaan (PBAK) STAI Morowali Tahu,
foto/berita/berita-034.jpg,berita,40,"Melalui kegiatan PBAK, para mahasiswa baru diharapkan dapat membangun semangat k",duplikat-dilewati
foto/berita/berita-038.jpg,berita,41,"Melalui kegiatan PBAK, para mahasiswa baru diharapkan dapat membangun semangat k",
foto/berita/berita-039.jpg,berita,42,"Melalui kegiatan PBAK, para mahasiswa baru diharapkan dapat membangun semangat k",
foto/berita/berita-040.jpg,berita,43,"Melalui kegiatan PBAK, para mahasiswa baru diharapkan dapat membangun semangat k",
foto/berita/berita-041.jpg,berita,44,"Melalui kegiatan PBAK, para mahasiswa baru diharapkan dapat membangun semangat k",
foto/berita/berita-042.jpg,berita,45,"Melalui kegiatan PBAK, para mahasiswa baru diharapkan dapat membangun semangat k",
foto/berita/berita-043.jpg,berita,46,"Melalui kegiatan PBAK, para mahasiswa baru diharapkan dapat membangun semangat k",
foto/berita/berita-044.jpg,berita,47,"Melalui kegiatan PBAK, para mahasiswa baru diharapkan dapat membangun semangat k",
foto/berita/berita-045.jpg,berita,48,"Melalui kegiatan PBAK, para mahasiswa baru diharapkan dapat membangun semangat k",
foto/berita/berita-046.jpg,berita,49,"Melalui kegiatan PBAK, para mahasiswa baru diharapkan dapat membangun semangat k",
foto/berita/berita-047.jpg,berita,50,"Melalui kegiatan PBAK, para mahasiswa baru diharapkan dapat membangun semangat k",
foto/berita/berita-048.jpg,berita,51,"Melalui kegiatan PBAK, para mahasiswa baru diharapkan dapat membangun semangat k",
foto/berita/berita-049.jpg,berita,52,"Melalui kegiatan PBAK, para mahasiswa baru diharapkan dapat membangun semangat k",
foto/berita/berita-050.jpg,berita,53,"Melalui kegiatan PBAK, para mahasiswa baru diharapkan dapat membangun semangat k",
foto/berita/berita-051.jpg,berita,54,"Melalui kegiatan PBAK, para mahasiswa baru diharapkan dapat membangun semangat k",
foto/berita/berita-052.jpg,berita,55,"Melalui kegiatan PBAK, para mahasiswa baru diharapkan dapat membangun semangat k",
foto/berita/berita-053.jpg,berita,56,"Melalui kegiatan PBAK, para mahasiswa baru diharapkan dapat membangun semangat k",
foto/berita/berita-054.jpg,berita,57,"Melalui kegiatan PBAK, para mahasiswa baru diharapkan dapat membangun semangat k",
foto/berita/berita-055.jpg,berita,58,"Melalui kegiatan PBAK, para mahasiswa baru diharapkan dapat membangun semangat k",
foto/berita/berita-056.jpg,berita,59,"Melalui kegiatan PBAK, para mahasiswa baru diharapkan dapat membangun semangat k",
foto/berita/berita-057.jpg,berita,60,"Melalui kegiatan PBAK, para mahasiswa baru diharapkan dapat membangun semangat k",
foto/berita/berita-058.jpg,berita,61,"Melalui kegiatan PBAK, para mahasiswa baru diharapkan dapat membangun semangat k",
foto/berita/berita-059.jpg,berita,62,"Melalui kegiatan PBAK, para mahasiswa baru diharapkan dapat membangun semangat k",
foto/berita/berita-060.jpg,berita,63,"Melalui kegiatan PBAK, para mahasiswa baru diharapkan dapat membangun semangat k",
foto/berita/berita-061.jpg,berita,64,"Melalui kegiatan PBAK, para mahasiswa baru diharapkan dapat membangun semangat k",
foto/berita/berita-062.jpg,berita,65,"Melalui kegiatan PBAK, para mahasiswa baru diharapkan dapat membangun semangat k",
foto/berita/berita-063.jpg,berita,66,"Melalui kegiatan PBAK, para mahasiswa baru diharapkan dapat membangun semangat k",
foto/berita/berita-064.jpg,berita,67,"Melalui kegiatan PBAK, para mahasiswa baru diharapkan dapat membangun semangat k",
foto/berita/berita-065.jpg,berita,68,"Melalui kegiatan PBAK, para mahasiswa baru diharapkan dapat membangun semangat k",
foto/berita/berita-066.jpg,berita,69,"Melalui kegiatan PBAK, para mahasiswa baru diharapkan dapat membangun semangat k",
foto/berita/berita-067.jpg,berita,70,"Selain sebagai sarana pembelajaran dan pengembangan kompetensi, PLP dan KKP juga",
foto/berita/berita-068.jpg,berita,71,"Selain sebagai sarana pembelajaran dan pengembangan kompetensi, PLP dan KKP juga",
foto/berita/berita-069.jpg,berita,72,"Selain sebagai sarana pembelajaran dan pengembangan kompetensi, PLP dan KKP juga",
foto/berita/berita-070.jpg,berita,73,"Selain sebagai sarana pembelajaran dan pengembangan kompetensi, PLP dan KKP juga",
foto/berita/berita-071.jpg,berita,74,"Selain sebagai sarana pembelajaran dan pengembangan kompetensi, PLP dan KKP juga",
foto/berita/berita-067.jpg,berita,75,"Selain sebagai sarana pembelajaran dan pengembangan kompetensi, PLP dan KKP juga",duplikat-dilewati
foto/berita/berita-072.jpg,berita,76,"Selain sebagai sarana pembelajaran dan pengembangan kompetensi, PLP dan KKP juga",
foto/berita/berita-073.jpg,berita,77,"Selain sebagai sarana pembelajaran dan pengembangan kompetensi, PLP dan KKP juga",
foto/berita/berita-074.jpg,berita,78,"Selain sebagai sarana pembelajaran dan pengembangan kompetensi, PLP dan KKP juga",
foto/berita/berita-002.jpg,berita,79,"Selain sebagai sarana pembelajaran dan pengembangan kompetensi, PLP dan KKP juga",duplikat-dilewati
foto/berita/berita-075.jpg,berita,80,"Selain sebagai sarana pembelajaran dan pengembangan kompetensi, PLP dan KKP juga",
foto/berita/berita-076.jpg,berita,81,"Selain sebagai sarana pembelajaran dan pengembangan kompetensi, PLP dan KKP juga",
foto/berita/berita-077.jpg,berita,82,"Selain sebagai sarana pembelajaran dan pengembangan kompetensi, PLP dan KKP juga",
foto/berita/berita-078.jpg,berita,83,"Selain sebagai sarana pembelajaran dan pengembangan kompetensi, PLP dan KKP juga",
foto/berita/berita-079.jpg,berita,84,"Selain sebagai sarana pembelajaran dan pengembangan kompetensi, PLP dan KKP juga",
foto/berita/berita-080.jpg,berita,85,"Selain sebagai sarana pembelajaran dan pengembangan kompetensi, PLP dan KKP juga",
foto/berita/berita-081.jpg,berita,86,"Selain sebagai sarana pembelajaran dan pengembangan kompetensi, PLP dan KKP juga",
foto/berita/berita-082.jpg,berita,87,"Selain sebagai sarana pembelajaran dan pengembangan kompetensi, PLP dan KKP juga",
foto/berita/berita-082.jpg,berita,88,"Selain sebagai sarana pembelajaran dan pengembangan kompetensi, PLP dan KKP juga",duplikat-dilewati
foto/berita/berita-083.jpg,berita,89,"Selain sebagai sarana pembelajaran dan pengembangan kompetensi, PLP dan KKP juga",
foto/berita/berita-084.jpg,berita,90,"Selain sebagai sarana pembelajaran dan pengembangan kompetensi, PLP dan KKP juga",
foto/berita/berita-085.jpg,berita,91,"Selain sebagai sarana pembelajaran dan pengembangan kompetensi, PLP dan KKP juga",
foto/berita/berita-086.jpg,berita,92,"Melalui kegiatan wawancara ini, pihak kampus dapat mengenal calon mahasiswa seca",
foto/berita/berita-087.jpg,berita,93,"Proses Wawancara oleh Ketua STAI Morowali Ibu Dr. Hj. Marwany, S.Ag., M.Pd.",
foto/berita/berita-088.jpg,berita,94,Para Calon Mahasiswa Baru STAI Morowali,
foto/berita/berita-089.jpg,berita,95,Para Calon Mahasiswa Baru STAI Morowali,
foto/berita/berita-090.jpg,berita,96,Para Calon Mahasiswa Baru STAI Morowali,
foto/berita/berita-091.jpg,berita,97,"Dr. H. Najamudin, S.Ag., S.Pd., M.Pd.",
foto/berita/berita-092.jpg,berita,98,"Diharapkan, kerja sama yang terbangun dapat mendukung peningkatan kompetensi, pr",
foto/berita/berita-093.jpg,berita,99,"Diharapkan, kerja sama yang terbangun dapat mendukung peningkatan kompetensi, pr",
foto/berita/berita-094.jpg,berita,100,Foto bersama Pimpinan STAI Morowali dengan Ketua Pengadilan Agama Kab. Morowali,
foto/berita/berita-095.jpg,berita,101,Foto bersama Pimpinan STAI Morowali dengan Kepala Sekolah MI Al-Khairaan Marsaol,
foto/berita/berita-096.jpg,berita,102,Foto bersama Pimpinan STAI Morowali dengan Ketua Pengadilan Agama Kab. Morowali,
foto/berita/berita-097.jpg,berita,103,Foto bersama Pimpinan STAI Morowali dengan Kepala KUA Wita Ponda,
foto/berita/berita-098.jpg,berita,104,Kab. Morowali,
foto/berita/berita-099.jpg,berita,105,Foto bersama Pimpinan STAI Morowali dengan Kepala Kementerian Agama Kab. Morowal,
foto/berita/berita-100.jpg,berita,106,Foto bersama Pimpinan STAI Morowali dengan Kepala Kementerian Agama Kab. Morowal,
foto/berita/berita-101.jpg,berita,107,Foto bersama Pimpinan STAI Morowali dengan Kepala Kementerian Agama Kab. Morowal,
foto/berita/berita-102.jpg,berita,108,Foto bersama Pimpinan STAI Morowali dengan Kepala Kementerian Agama Kab. Morowal,
foto/berita/berita-103.jpg,berita,109,Foto bersama Pimpinan STAI Morowali dengan Kepala Kementerian Agama Kab. Morowal,
foto/berita/berita-104.jpg,berita,110,Foto bersama Pimpinan STAI Morowali dengan Kepala Kementerian Agama Kab. Morowal,
foto/berita/berita-105.jpg,berita,111,Foto bersama Pimpinan STAI Morowali dengan Kepala Kementerian Agama Kab. Morowal,
foto/berita/berita-106.jpg,berita,112,Foto bersama Pimpinan STAI Morowali dengan Kepala Kementerian Agama Kab. Morowal,
foto/berita/berita-107.jpg,berita,113,Foto bersama Pimpinan STAI Morowali dengan Kepala Kementerian Agama Kab. Morowal,
foto/berita/berita-108.jpg,berita,114,Foto bersama Pimpinan STAI Morowali dengan Kepala Kementerian Agama Kab. Morowal,
foto/berita/berita-109.jpg,berita,115,Foto bersama Pimpinan STAI Morowali dengan Kepala Kementerian Agama Kab. Morowal,
foto/berita/berita-110.jpg,berita,116,Foto bersama Pimpinan STAI Morowali dengan Kepala Kementerian Agama Kab. Morowal,
foto/berita/berita-111.jpg,berita,117,Foto bersama Pimpinan STAI Morowali dengan Kepala Kementerian Agama Kab. Morowal,
foto/berita/berita-112.jpg,berita,118,Foto bersama Pimpinan STAI Morowali dengan Kepala Kementerian Agama Kab. Morowal,
foto/berita/berita-113.jpg,berita,119,Foto bersama Pimpinan STAI Morowali dengan Kepala Kementerian Agama Kab. Morowal,
foto/berita/berita-114.jpg,berita,120,Foto bersama Pimpinan STAI Morowali dengan Kepala Kementerian Agama Kab. Morowal,
foto/berita/berita-115.jpg,berita,121,Foto bersama Pimpinan STAI Morowali dengan Kepala Kementerian Agama Kab. Morowal,
foto/berita/berita-116.jpg,berita,122,Foto bersama Pimpinan STAI Morowali dengan Kepala Kementerian Agama Kab. Morowal,
foto/berita/berita-117.jpg,berita,123,Foto bersama Pimpinan STAI Morowali dengan Kepala Kementerian Agama Kab. Morowal,
foto/berita/berita-118.jpg,berita,124,Foto bersama Pimpinan STAI Morowali dengan Kepala Kementerian Agama Kab. Morowal,
foto/berita/berita-037.jpg,berita,125,Foto bersama Pimpinan STAI Morowali dengan Kepala Kementerian Agama Kab. Morowal,duplikat-dilewati
foto/berita/berita-119.jpg,berita,126,Kegiatan ini menjadi langkah nyata dalam mendukung pelaksanaan Tri Dharma Pergur,
foto/berita/berita-120.jpg,berita,127,15 Mei 2026,
